pntID,ix,iy,Xw,Yw,Zw,Xspc,Yspc,Zspc
23_N,502.03,928.00,-30.086,173.411,0,2814402.425,1015737.580,0
24_N,554.75,855.99,-16.104,174.754,0,2814416.407,1015738.923,0
19_N,661.47,859.85,-6.099,158.608,0,2814426.412,1015722.777,0
21_N,653.76,799.41,0.602,170.043,0,2814433.113,1015734.212,0
22_N,687.19,661.82,21.834,192.568,0,2814454.345,1015756.737,0
20_N,579.18,956.29,-24.982,157.148,0,2814407.529,1015721.317,0
17_N,638.33,948.57,-18.434,149.547,0,2814414.077,1015713.716,0
18_N,667.90,912.57,-11.311,150.464,0,2814421.200,1015714.633,0
11_N,754.06,1074.59,-20.091,116.099,0,2814412.420,1015680.268,0
12_N,846.64,988.43,-2.147,114.973,0,2814430.364,1015679.142,0
13_N,916.08,911.28,12.894,115.858,0,2814445.405,1015680.027,0
14_N,1000.94,850.85,28.125,114.737,0,2814460.636,1015678.906,0
10_N,1088.38,864.99,34.356,101.452,0,2814466.867,1015665.621,0
9_N,997.09,948.57,16.094,101.522,0,2814448.605,1015665.691,0
8_N,901.93,1048.87,-3.161,100.865,0,2814429.350,1015665.034,0
15_N,847.93,1101.59,-14.041,100.691,0,2814418.470,1015664.860,0
5_N,842.78,1501.50,-50.622,58.424,0,2814381.889,1015622.593,0
6_N,910.93,1320.19,-28.951,68.969,0,2814403.560,1015633.138,0
4_N,991.94,1239.18,-14.760,68.710,0,2814417.751,1015632.879,0
16_N,1107.67,1309.90,-11.640,49.673,0,2814420.871,1015613.842,0
3_N,1125.67,1168.46,3.509,61.410,0,2814436.020,1015625.579,0
2_N,1198.97,1162.03,10.758,54.325,0,2814443.269,1015618.494,0
1_N,1306.98,1015.44,35.029,56.996,0,2814467.540,1015621.165,0
1_W,980.37,1635.23,-50.253,33.143,0,2814382.258,1015597.312,0
3_W,1132.10,1767.67,-48.834,8.072,0,2814383.677,1015572.241,0
5_W,1237.54,1714.95,-36.458,2.962,0,2814396.053,1015567.131,0
4_W,1126.96,1860.25,-55.905,1.774,0,2814376.606,1015565.943,0
2_W,1026.66,1906.54,-66.862,7.046,0,2814365.649,1015571.215,0
18_W,898.07,1830.68,-71.511,24.549,0,2814361.000,1015588.718,0
6_W,1259.40,2000.41,-55.530,-19.540,0,2814376.981,1015544.629,0
20_W,1426.57,2235.73,-59.784,-46.471,0,2814372.727,1015517.698,0
7_W,1209.25,2193.29,-72.821,-27.191,0,2814359.690,1015536.978,0
19_W,1094.81,2087.85,-73.813,-11.647,0,2814358.698,1015552.522,0
8_W,679.48,2027.41,-104.259,29.185,0,2814328.252,1015593.354,0
9_W,781.06,2139.29,-102.439,10.961,0,2814330.072,1015575.130,0
10_W,916.08,2280.73,-101.185,-9.890,0,2814331.326,1015554.279,0
11_W,1035.66,2411.89,-100.800,-27.981,0,2814331.711,1015536.188,0
12_W,592.04,2129.00,-118.572,28.871,0,2814313.939,1015593.040,0
13_W,687.19,2255.01,-117.414,10.787,0,2814315.097,1015574.956,0
14_W,797.78,2364.31,-115.249,-5.783,0,2814317.262,1015558.386,0
15_W,917.36,2496.76,-114.839,-23.870,0,2814317.672,1015540.299,0
16_W,725.77,2561.05,-134.405,-13.294,0,2814298.106,1015550.875,0
17_W,782.35,2737.21,-140.417,-28.784,0,2814292.094,1015535.385,0
1_S,1629.73,2121.28,-37.561,-54.960,0,2814394.950,1015509.209,0
2_S,1744.17,2037.70,-23.875,-59.340,0,2814408.636,1015504.829,0
4_S,1799.47,1833.25,-4.475,-51.911,0,2814428.036,1015512.258,0
5_S,1897.19,1831.96,2.233,-59.186,0,2814434.744,1015504.983,0
3_S,2027.06,1775.39,16.341,-65.809,0,2814448.852,1015498.360,0
7_S,2118.36,1614.65,36.526,-64.173,0,2814469.037,1015499.996,0
6_S,2163.37,1412.77,58.661,-56.198,0,2814491.172,1015507.971,0
8_S,2052.78,2472.32,-34.929,-104.623,0,2814397.582,1015459.546,0
9_S,2165.94,2276.87,-13.371,-102.640,0,2814419.140,1015461.529,0
10_S,2272.67,2130.28,3.919,-103.043,0,2814436.430,1015461.126,0
11_S,2394.82,2004.27,21.628,-107.073,0,2814454.139,1015457.096,0
15_S,2484.83,2145.71,16.224,-120.192,0,2814448.735,1015443.977,0
14_S,2367.82,2284.59,-1.475,-116.559,0,2814431.036,1015447.610,0
13_S,2306.10,2382.31,-12.155,-116.494,0,2814420.356,1015447.675,0
12_S,2190.37,2579.05,-33.325,-118.219,0,2814399.186,1015445.950,0
20_S,2469.03,2670.31,-22.179,-140.487,0,2814410.332,1015423.682,0
19_S,2756.15,2483.90,7.938,-153.842,0,2814440.449,1015410.327,0
17_S,2537.55,2424.75,-1.194,-134.972,0,2814431.317,1015429.197,0
16_S,2492.55,2301.30,4.652,-127.241,0,2814437.163,1015436.928,0
18_S,2627.56,2247.30,17.642,-135.460,0,2814450.153,1015428.709,0
21_E,2599.28,412.37,252.839,-28.546,0,2814685.350,1015535.623,0
18_E,2429.54,306.93,262.392,3.598,0,2814694.903,1015567.767,0
19_E,2375.53,259.35,269.690,16.220,0,2814702.201,1015580.389,0
15_E,2039.92,660.54,146.240,13.243,0,2814578.751,1015577.412,0
16_E,2091.36,735.12,138.390,0.397,0,2814570.901,1015564.566,0
17_E,2160.79,718.40,146.228,-5.606,0,2814578.739,1015558.563,0
4_E,2304.81,966.58,122.395,-40.190,0,2814554.906,1015523.979,0
5_E,2178.80,897.14,120.493,-22.291,0,2814553.004,1015541.878,0
13_E,2070.78,826.42,121.547,-5.671,0,2814554.058,1015558.498,0
14_E,1964.06,756.98,123.883,12.142,0,2814556.394,1015576.311,0
11_E,1984.63,868.85,107.981,-0.294,0,2814540.492,1015563.875,0
12_E,1892.05,810.99,109.797,14.608,0,2814542.308,1015578.777,0
1_E,1996.20,1349.76,52.505,-37.706,0,2814485.016,1015526.463,0
6_E,1803.32,1200.60,53.702,-9.593,0,2814486.213,1015554.576,0
7_E,1803.32,1127.31,61.624,-3.627,0,2814494.135,1015560.542,0
8_E,1751.89,1010.29,71.275,11.343,0,2814503.786,1015575.512,0
9_E,1638.73,937.00,71.561,29.425,0,2814504.072,1015593.594,0
10_E,1534.58,910.00,66.424,43.033,0,2814498.935,1015607.202,0
2_E,2257.23,1047.58,108.227,-41.331,0,2814540.738,1015522.838,0
3_E,2127.36,975.58,106.166,-23.309,0,2814538.677,1015540.860,0
